path	mode	kind	git_object_id	bytes	sha256	status	reason
.coveragerc	100644	blob	b5008b2b2f770e2b846bfa3852e4b5ff0b27e88a	33	8ac66b93028230c815ef67e0b38e74c65cc965a87ca3a49c16a8b8d7f641186d	excluded	outside-native-package
.git-blame-ignore-revs	100644	blob	db51a967bfe68d079f4379a23968023372b6e7f6	234	cb1e75b75e5842448557aa313bb77bb5ab2e4dc80a2a5cd5a2804a1afbf97aea	excluded	outside-native-package
.github/CODE_OF_CONDUCT.md	100644	blob	ff7f10665a52188f3483981c57b5827058b29c4b	346	0216c86755ca264f605593cc82deadc13c3e84b97a60bf461fcda7b4b8b23242	excluded	outside-native-package
.github/CONTRIBUTING.md	100644	blob	3470dfee835a73525fdc118574ed18d3385c432b	2885	6ce203a20b7bc3c87eccdb9be5888bded1bcb7743a598b3cf91b7be65f41f4e0	excluded	outside-native-package
.github/FUNDING.yml	100644	blob	603c7ff9c3151fc55c050522c94b224d4bc2ea53	52	203cc6fc6930c94572f841b0924808acc9ad4f1c0cbb1574875221e4a22fc815	excluded	outside-native-package
.github/ISSUE_TEMPLATE.md	100644	blob	060d9262a5e763c78a707222600a02f4c3b5fd66	394	24ac47c35e70fb3c7dfb2b768ac3ae49f6ea997b96beca4fe489f279429509ca	excluded	outside-native-package
.github/ISSUE_TEMPLATE/Bug_report.md	100644	blob	cb87bd6b67572c2d25d1fb94e17fe483dbc0da9b	548	4887dbec17c9e2fd703c0c8ae3e20882f9be53f7fe4a36d61c130838576afe35	excluded	outside-native-package
.github/ISSUE_TEMPLATE/Custom.md	100644	blob	19291c15006c4cd8735315a54343d03fca5f9955	190	d28111df346e5549a60d86e8c473f1a2ef1009ce3c1653441c9d1bb4c31e592b	excluded	outside-native-package
.github/ISSUE_TEMPLATE/Feature_request.md	100644	blob	dcf6a445fbcfa14f32008421886a6c0d96e6c46b	136	bf9bb647959c79e1c64243696e17cdf3788deea3e002793375eac0227e2f0ba2	excluded	outside-native-package
.github/SECURITY.md	100644	blob	9021d429d8615902efbf2cd206823f25df6c8d6a	4209	d829bca715473cd6460083460346f8f4dd223fc282908fa5f001f8bc0f594892	excluded	outside-native-package
.github/workflows/codeql-analysis.yml	100644	blob	617f2df3efcc72560f039631a66d6ed836bf2682	2171	a5115fa19467c4fefe77c648d6d04d145ccb52964aece53a502fba1edf5f2a86	excluded	outside-native-package
.github/workflows/lint.yml	100644	blob	c69aa7fccb559b0139d72ab1468c70ab9020d06c	256	0e81e77e108b6da450c5160dfbe83fbbb580dbf5c6295c08a71e57eda0de7f39	excluded	outside-native-package
.github/workflows/lock-issues.yml	100644	blob	f8429c3fdcaa301360fc7c8423a745a152a43b8e	342	8cf13f517c9261157a1c0036a0c35b7e62df9665e470189569c2f5adae1025c9	excluded	outside-native-package
.github/workflows/run-tests.yml	100644	blob	7b0e3c031eb4e99d7b2fdf0996757c71d7c84f45	828	87d9e551413bd356ced2e308fab9265c1c688ffad90a8aa908d098f4595f231a	excluded	outside-native-package
.gitignore	100644	blob	de61154e3eb2b9b54dada59d9b820db6bfef8055	321	0d87c78c285d5f3a9f83c7b9a09c42aa566c771a7e35d0da1ed0dabcd5831b6c	excluded	outside-native-package
.pre-commit-config.yaml	100644	blob	cac5ddccb4eac8a67b452ff20ad89cac8e44b481	593	e57b36cde8dabdfa0dc9c7554c0dfd6d8f269dcdfd7f24f821c44e1b676b0e4b	excluded	outside-native-package
AUTHORS.rst	100644	blob	c4e554d478a265790afa303200f9882b1aec0cda	7967	aa54915f55a8aab0e94574aba60e7a761bbc6be5750ed3998e5297d78978a401	excluded	outside-native-package
HISTORY.md	100644	blob	307f92a4d9ef10c6aee1a66c68489ecfb30c98cb	55192	594a39e45186628dcc2711d859bbc182efa05811f8e19cf1a825fa5471ffb3af	excluded	outside-native-package
LICENSE	100644	blob	67db8588217f266eb561f75fae738656325deac9	10142	09e8a9bcec8067104652c168685ab0931e7868f9c8284b66f5ae6edae5f1130b	excluded	outside-native-package
MANIFEST.in	100644	blob	633be369e2178e5f61d5e58e507bc905ae789f0f	105	7caa1d6b5f562ee868f8719eb9a311b00c1baec207d65fa65ab087664dcaf3c4	excluded	outside-native-package
Makefile	100644	blob	5e8fe3cccb76c789e3fb8a9dc79dd1c1d2991585	794	e0043010baad28ea348e5b4544d8d384deaa876226138fbbf4a21a59daffbc39	excluded	outside-native-package
NOTICE	100644	blob	1ff62db688277b77c83c1766dac7f165364d3528	38	f5110972dedad2b4e9d314518daf3b7d72d6e02e499acd802181de6f74571dcc	excluded	outside-native-package
README.md	100644	blob	c90ef08a5e92e87b41ea5dac88020d6d0aa6de3e	2922	150fd62db4024e240040be44b32d7ce98df80ab86dfd564a173cd231f2254abc	excluded	outside-native-package
docs/.nojekyll	100644	blob	8b137891791fe96927ad78e64b0aad7bded08bdc	1	01ba4719c80b6fe911b091a7c05124b64eeece964e09c058ef8f9805daca546b	excluded	outside-native-package
docs/Makefile	100644	blob	08a2acf6dcaaf4fbdc0422fe7cca72a30a1e2a0a	7664	a1f210795aefeaa886bbfa6122779ba4c8e52b0e8445b62dcecbb82d308d305e	excluded	outside-native-package
docs/_static/custom.css	100644	blob	465e8a9a60ee532b287f1c052ca0dda7ec737d54	2990	ec1d99bc2726a46b938e2342cde4c4aa39b3fcab99ce5957ab6893b22010b618	excluded	outside-native-package
docs/_static/requests-sidebar.png	100644	blob	d2b8a6975c904f4c9b0f4b733b0c47dedd5b2cc1	306086	da8951134a14d06287616abe84749d04960d5c2a4e8493dab018f87d8eae8d12	excluded	outside-native-package
docs/_templates/hacks.html	100644	blob	eca5dffcb54a21b9b930d14b5f423a718b9c979e	2083	14590290d56e931e1db77681dfe0c08554df988d60e0a4b94d336b7ba0fdfb33	excluded	outside-native-package
docs/_templates/sidebarintro.html	100644	blob	2b595b54d4a314bf015b2b5cc199ce6cab85feb7	1423	dfe5efcc52e5b6b4965a87ec49cd69fd432dc46998c9f0bf080aa72024bdbe34	excluded	outside-native-package
docs/_templates/sidebarlogo.html	100644	blob	a3454b7c498af6f7eac6e93c4a04174c524d9fb1	1301	407c0ada33668e0b8dca0fb21dc9449f41bf33d316560eb5c2d2a729ce13e12c	excluded	outside-native-package
docs/_themes/.gitignore	100644	blob	66b6e4c2f3b55b25afd9716f9d3c5afb47b15d4e	22	f27660c4ec6efa86aac4d61036c5f495e9438805a6f63be44f17db003979a06f	excluded	outside-native-package
docs/_themes/LICENSE	100644	blob	3d1e04a257aa9a7a51fbd87e3dc7cbef01f5b97b	1861	6afc9d58f919ab52f4806a895a37aefe4d263f8e52278e6a1e87c5d7ec82299c	excluded	outside-native-package
docs/_themes/flask_theme_support.py	100644	blob	33f47449c11d241e36c83d7f95d819bbe56e2c8f	4875	bba3677c6eeb99f678e808e90142a025b798b7658bac1ab4632591df8441d209	excluded	outside-native-package
docs/api.rst	100644	blob	83eb58787a5b363bb27765bd691a1ce490f8c1b4	7286	abc3ec1d004fcbe4ac2c232ca7f31f7020b7d5da244bea9d1e27afeb81d6da47	excluded	outside-native-package
docs/community/faq.rst	100644	blob	9d900be2b52ade8ea23e89eadc2d05da7dcc8348	3695	66955528cee38f1770356b1e2a120a448f0e90c531435faae421c486a17ff31c	excluded	outside-native-package
docs/community/out-there.rst	100644	blob	c33ab3c95be951d6f05a708475420d8f371c8bf1	1163	9779ecdd1a5b73cff0d17651b08cb95f6f285278262159832b315296d0cf2c95	excluded	outside-native-package
docs/community/recommended.rst	100644	blob	517f4b189520bfc9160ef1aba6435b949a62a532	2174	99c8004abf493d6ad2018352dbdf923a790dfbe1a45dd90b214f1e29b08034d1	excluded	outside-native-package
docs/community/release-process.rst	100644	blob	4aa98f755e4c598ae7f2b819f536e65b25455af6	2066	a7a8e987bf671a79e4b44e8722b7446fd429922e7d0bde50dd2fba578b966485	excluded	outside-native-package
docs/community/support.rst	100644	blob	ee905f543dfd20f1f487b7dbf9f87641e18d1f81	846	7f1a8ee725fce4ef5bc51568d51b54ba1611e518975463bb11d2cd2c20309fd0	excluded	outside-native-package
docs/community/updates.rst	100644	blob	c787c45bcf1bf1baa148dc2e6508c686bd08e47f	322	202f5d2f2ac8b76c77f00fb0085886510350623873bb2626ef6cb192c84d385b	excluded	outside-native-package
docs/community/vulnerabilities.rst	100644	blob	6a9c7d94d37f61a962cf255d0d985fa30a5dcadb	4750	1f0d8095ec84a42307abd03b9ae6cad62e030c02c1aad9715dd47f9deb7a76bc	excluded	outside-native-package
docs/conf.py	100644	blob	edbd72ba8236299f7bde93dff4edf4abdab7aba0	12251	7288e50389e89cc24cd7ac6b96d8108438ff9d5e0191a950907be392a5458478	excluded	outside-native-package
docs/dev/authors.rst	100644	blob	e9799a91421af6ca0639a8e85a55a9834fdeb0de	48	711bde324e69bf390c914fcb1e5d4aa17174deb2093b8c7865a7103391716d07	excluded	outside-native-package
docs/dev/contributing.rst	100644	blob	961f7c3abadd6f39009cc6d70d51ac77d0410a12	6460	5ef36704844d3f399105fbe99d9898f116f4fc0450cb223333de321c368a2d31	excluded	outside-native-package
docs/index.rst	100644	blob	306b60f3ea8789047fa4a8dafae9e6e603fdf8a0	3446	a39657af2b6986d77f755d196e73f50d0af10965b067ee3f1990e10154af0804	excluded	outside-native-package
docs/make.bat	100644	blob	9eaf9b88930578b9da103662becd0d1a9a1c6c53	7253	d65d3af3fd9f81bfa4dd7b773d057125af36f4df5e5bc4234fe3127ccf6c6dcc	excluded	outside-native-package
docs/requirements.txt	100644	blob	8c2488252b465f540aa169128cd959818057ef92	87	f92e256d9789c16a167b9b50d21a426c59084afae29112f1ae2bbd0d74957e9f	excluded	outside-native-package
docs/user/advanced.rst	100644	blob	2a91401a259bd2d93368cda379a1ad290f4e9608	40136	433ad640d9da72ac31ce6816e9b7eb43d62e3545f4b274212215b23a3f194ec6	excluded	outside-native-package
docs/user/authentication.rst	100644	blob	0737bd319a2a53dea3c99a663df701221ed68efe	5400	cf7f9d1159c02747f64009c629ac546cd7332b8eba5a0712230022b132d85194	excluded	outside-native-package
docs/user/install.rst	100644	blob	d0d454d37de9ebdf35232eb624499de7a4b86598	1036	0033feb63f22f2f5e907da42af9d939cc27df1df2f9d9f8f0099fda40eff8ab8	excluded	outside-native-package
docs/user/quickstart.rst	100644	blob	7fac5ce735e1e433e67361bbbf155bd78619da84	19214	ed8a2ed3efe2b5882ad98493269caf4be7d04c3a92bcc386a7758a1ad278734f	excluded	outside-native-package
ext/LICENSE	100644	blob	c38aa5c3f55a389eb2c015eb40cd67f2c15d633c	51	3172d399cbd8f10609e73fec73d0e0b33eecd3c572a68b0722229d8c7059f725	excluded	outside-native-package
ext/flower-of-life.jpg	100644	blob	f92cc3b17bbcf77090195253310a900c650174dd	14896	1b155652b7a20734dc0c056d4d0fb91d1a7951cb99142adaed5316302daeb3df	excluded	outside-native-package
ext/kr-compressed.png	100644	blob	53210649cc70879045fb1a005aaa8913e267b661	5954	6607917997aaa337f9ab9f1d3ff54d0a2c3177e5e10444d1e2d34a3912632871	excluded	outside-native-package
ext/kr.png	100644	blob	b18d76bfe0310aa112724d7378113c39df8e705d	9459	245f38d6101ce40366c1a30aec5a86b8b8885524ef86968162bf7cf3907307f3	excluded	outside-native-package
ext/psf-compressed.png	100644	blob	3bc0d5c130dbd3efad60aea25b406df5e312a5b8	11986	9d4148ae5024484659fc8ccf9dacb92c6ee1d5b367104e97c0df1ed9524ad9a5	excluded	outside-native-package
ext/psf.png	100644	blob	c5815e260a00e55a5928f3de9692a9afb0a00bce	14561	7a0bf447edc2b67b9138d1ffa64b2f62af05c4dd2da37429584e6b3f5ac84683	excluded	outside-native-package
ext/requests-logo-compressed.png	100644	blob	cb4bc642419dafc4c23610733534d2552984c76c	192073	c9ea2210c884700dc0f05266170c056c1dbae2181f68a74c5b8d63ac042c9263	excluded	outside-native-package
ext/requests-logo.ai	100644	blob	7da8cb7380af9a19fb905a263ca247676ccbbd06	2189478	ada5899494a2fbd06b6a1a6062dc1b755eaef9dee8ae833a864712b1671fd604	excluded	outside-native-package
ext/requests-logo.png	100644	blob	cb4bc642419dafc4c23610733534d2552984c76c	192073	c9ea2210c884700dc0f05266170c056c1dbae2181f68a74c5b8d63ac042c9263	excluded	outside-native-package
ext/requests-logo.svg	100644	blob	80406e7c06fc0d7c961fdd2bc1c6f8d7f69c1a54	883794	b1e7fd86516c1e925191a41ee1efdb2489654548c7756881c311f50b79233af0	excluded	outside-native-package
ext/ss-compressed.png	100644	blob	149016d3b1d3d783f166384e51cb8cb96f66d5c7	372015	c769ab657e25fbda10791d30c9c114d40ea84da2a23a7b446c7adbf9c2569fcc	excluded	outside-native-package
ext/ss.png	100644	blob	149016d3b1d3d783f166384e51cb8cb96f66d5c7	372015	c769ab657e25fbda10791d30c9c114d40ea84da2a23a7b446c7adbf9c2569fcc	excluded	outside-native-package
pyproject.toml	100644	blob	996bf14c832678029b2b322807b1701a1ab4dafa	272	8bc961e20be519bf06b7a1d7c769ee92f8eefe51930ad97cb8d8bd53a61f305d	excluded	outside-native-package
requests/__init__.py	100644	blob	7ac8e297b86de5fe814a0aca95d5ea68a618789a	4972	4b62b48e754fe824ab4f9d5272d172881d177c8f07f4db7b12acc44400f8e208	included	
requests/__version__.py	100644	blob	e725ada6550b0c1631dccf1cc4c1d494031aea8c	440	9c955adde7f6c91c9e60c872ef21e74728e3a673530f2919b04e12a7d8ab042e	included	
requests/_internal_utils.py	100644	blob	7dc9bc53360e95abfa99fe1ebd205a3d3ac620e6	1397	6923e5178b8386d7cac446b264927b2a4031b68ae67937e9c0a4814b0b66014c	included	
requests/adapters.py	100644	blob	d3b2d5bb1e56f1293f79f70af4df2d429a347a21	21287	b049c71a5e26273e101c14fc8c6e9b53968f8a752d7681f7048b802334fe5fbe	included	
requests/api.py	100644	blob	2f71aaed1afc2f43ae5a58d951896b91e0327abc	6377	772be40dde62b42f73da0d301e5fd87c3d727fa630a4658b3bbffff1edb59e4b	included	
requests/auth.py	100644	blob	9733686ddb36b826ead4f4666d42311397fa6fec	10187	87e1cb955c7d8fcaca57985f480c9c3f60293928254f3efb474b73eea09b6c41	included	
requests/certs.py	100644	blob	be422c3e91e43bacf60ff3302688df0b28742333	429	67d49be35d009efea35054f2b2cd23145854eb1b2df1cb442ea7f2f04bf6de0c	included	
requests/compat.py	100644	blob	6776163c94f3d6f61b00d329d4061d6b02afeeb9	1451	cb19ed54e4841c632b9fb14daffdf61046a6d5934074f45d484d77ff2687cd39	included	
requests/cookies.py	100644	blob	bf54ab237e410603061b8cec8fd195912d3cfb08	18560	903de43447028fe9b16ed7f97c9b12693f3a786a046290f75f4092829ce5ec13	included	
requests/exceptions.py	100644	blob	e1cedf883d3eadcbfda91967d36b7c59b8367e76	3811	0e1bde1417255634d1c6145db95a4ef866cc60c203da09a374b7cd12a36923f5	included	
requests/help.py	100644	blob	8fbcd6560a8fe2c8a07e3bd1441a81e0db9cb689	3875	80f5f977f1fb5ddf3c6830017a386a1a097d075545453b79066898bcbdcfcc84	included	
requests/hooks.py	100644	blob	d181ba2ec2e55d274897315887b78fbdca757da8	733	0a2bb2b221c0dfd57951f702057148c7cdc8ac3a6ec1f37d45c4d482fdbc7ed4	included	
requests/models.py	100644	blob	3cd49f5bbad43e20340c40a1ca7b6cfab2901957	35222	3a257188e765873a5b668c6eb763a12ada58941ed65b888741c7ea495993e07e	included	
requests/packages.py	100644	blob	77c45c9e90cdf2bcd60eea3cac9c8cf56cca2c08	957	0d782ff852487336484e6bf4bc40408568f85bee4218220dfe4b2f811d7b0efb	included	
requests/sessions.py	100644	blob	6cb3b4dae397930fba60e4c08b25b9444783b6f7	30180	294a8971144ba2f35e7d4b3b49c39749454271f49ac93156b5b889ee03929532	included	
requests/status_codes.py	100644	blob	4bd072be9769748a852740d037d5c63021472c9d	4235	16f1e64f9b87fbfba29ad473e611fd5426eded557e35e8b627dba96de8fa8fc8	included	
requests/structures.py	100644	blob	188e13e4829591facb23ae0e2eda84b9807cb818	2912	f886e6855cf4e92fb968f499b94b6167afba0fd5ce8d1b935c739a6d8d38d573	excluded	heldout-source-file
requests/utils.py	100644	blob	ad5358381ab96bd6d426b4754f02d104505a1e9a	33228	e7fc2cf9bb0a23d10797b8f6ef28bee871733c12ae96d3e077b1df3eb513a162	included	
requirements-dev.txt	100644	blob	6edee417819d29c046327cdf5bf4fbe32d6f93d9	160	974152bb4941c4db65ad9a4b46257192d8d7559513f08080451c9a4b8e34259a	excluded	outside-native-package
setup.cfg	100644	blob	33af66eb15d9fa5a869c74b955f1418f928d2e8a	345	fcf1bc5cd6688531e4bd64df3fa179cb7f078355f47bf6993f471e5f5c7cccf9	excluded	outside-native-package
setup.py	100755	blob	23977ed77a235bc54916df5e883a3dca5f5a6b1e	3951	49d24cf76f7bdcb9b126bfd036a5868fbc739870f284f0e66da9657b108a0771	excluded	outside-native-package
tests/__init__.py	100644	blob	04385be18ac53b27d54a037b1c54fec7b5e61d8a	329	1ce44cf0de798ecbb6f24fa0b8ef302e39db6fd6eda5c275cc8d434c4f2d53c9	excluded	outside-native-package
tests/compat.py	100644	blob	7618aa157bafb93329426b92f13d9c982f33b18b	480	d58ff5e3167de0140a667cc51427f809c552e485875c95b9dad43ce13ba15083	excluded	outside-native-package
tests/conftest.py	100644	blob	530a4c2a5f9917d62ffed2e2eecfdb8164655740	1581	c31d83bf96fbf585c0d497fbf21a39b2e69411948ddb947e5ad51e5857976c5c	excluded	outside-native-package
tests/test_help.py	100644	blob	fb4e967c5372d45b429528bd5897cbb60db77f6c	808	4581acb9c3f69a3ca8c9c1b574d77b11a3b11c0a0aaa0645d16988cc444c4075	excluded	outside-native-package
tests/test_hooks.py	100644	blob	7445525ec857ee0474e0f340911c3cdcbc49555c	424	a9e5163f538543a660be3b06650cd0b803ff0c503f5948f66b6fc50ede38109c	excluded	outside-native-package
tests/test_lowlevel.py	100644	blob	859d07e8a594b2a80acae666949971f6ead90299	15343	2dc5990ef15fbbfcf1681827a337e6195144ee0e2031fb951ed1d32e29cdc27d	excluded	outside-native-package
tests/test_packages.py	100644	blob	b55cb68c452742325c2efcca6a345f3de27c249e	229	90875423db059d65b39416d7b6d01b18938851b8071279877400beb506e08676	excluded	outside-native-package
tests/test_requests.py	100644	blob	5b4c3f53fadd07377ba932dcffcb478d3f9b9f76	96392	9fa6f7abaf70a55304dcae8a03e098803cd0f1944702f9578f19d4183c48b836	excluded	outside-native-package
tests/test_structures.py	100644	blob	e2fd5baaf27237ce0b63dc3df9955e6c7d08d863	2279	f7b80e00888105ae80312203279e0cf9256726740bcaa15c6cee7c2c07d33d60	excluded	outside-native-package
tests/test_testserver.py	100644	blob	c73a3f1f59cc5cb487e444cc20d3fc65191e0802	5553	5c388f68ff0bb13c255856ed19c5943ed493cfa52a62ad557c5ae84887b5da1f	excluded	outside-native-package
tests/test_utils.py	100644	blob	112bbd1eafb35c5c02beecc200f57b59c1792300	28254	5a98862b9e19412592ff497fd9df5920e6c3ab5852f581c21280bbb6af773fc2	excluded	outside-native-package
tests/testserver/__init__.py	100644	blob	e69de29bb2d1d6434b8b29ae775ad8c2e48c5391	0	e3b0c44298fc1c149afbf4c8996fb92427ae41e4649b934ca495991b7852b855	excluded	outside-native-package
tests/testserver/server.py	100644	blob	5936abdf8b75ca730a0c4c62da63d0338174d17f	3832	242ffb78788e384a47cd3278df58064d6f480f306ffd0f789ce357969d3cb7a8	excluded	outside-native-package
tests/utils.py	100644	blob	6cb75bfb6ad8a6c5519accd8a7e7c80d01809afa	366	cfaec86690eba62573c8c730a121332837809333fb2b1006a20e2e8f4d34d4de	excluded	outside-native-package
tox.ini	100644	blob	2e4fd90d32658db5177a5f3d122804a3934d2780	268	31f8504cc26c38a9e5b69951d2b535678b094a72eda0d159d97c549189b9d983	excluded	outside-native-package
